"id","city","country_id/id","email","facebook","partner_latitude","date_localization","partner_longitude","industry_ids/id","industry_family_ids/id","is_company","linkedin","name","phone","state_id/id","street","street2","twitter","website","wikipedia","zip"
"studio_1820","Frederiksberg","base.dk","","","55.67939","2015-05-08","12.54812","res_partner_industry.broadcast_media","res_partner_industry.med","True","","BaconCph ","","","30 H. C. Ørsteds Vej","","","http://www.baconcph.com","","1879"
"studio_644","Culver City","base.us","","","34.02662","2015-05-08","-118.38981","res_partner_industry.broadcast_media","res_partner_industry.med","True","","Baked FX ","","","3750 South Robertson Boulevard","","","http://www.bakedfx.com","","90232"
"studio_1646","Palma (Mallorca)","base.es","renatoroldan@balieristudio.es","","39.58706","2015-05-08","2.65067","res_partner_industry.animation,res_partner_industry.broadcast_media,res_partner_industry.computer_games,res_partner_industry.motion_pictures_and_film","res_partner_industry.med","True","","Balieri studio ","","","KM 7 Carretera Valldemossa","","","http://www.balieristudio.es","","07120"
"studio_674","London","base.uk","info@banzai-pipeline.com","","51.48986","2015-05-08","-0.19011","res_partner_industry.computer_software","res_partner_industry.med","True","","Banzai Pipeline Ltd ","","","235 Earls Court Road W.8","","","http://www.banzai-pipeline.com","","SW5 9FE"
"studio_688","Frankfurt","base.de","mail@barbecue-design.de","","50.12516","2015-05-08","8.70675","res_partner_industry.broadcast_media,res_partner_industry.motion_pictures_and_film","res_partner_industry.med","True","","Barbecue Mediendesign GmbH ","","","74 Arnsburger Straße","","","http://www.barbecue-design.de","","60385"
"studio_826","Vancouver","base.ca","info@bardel.ca","","49.28045","2015-05-08","-123.10941","res_partner_industry.animation,res_partner_industry.broadcast_media","res_partner_industry.med","True","","Bardel Entertainment Inc. ","","","548 Beatty Street","","","http://www.bardel.ca","","V6B 2L3"
"studio_976","Manchester","base.uk","info@barefootvfx.com","","53.50273","2015-05-08","-2.19387","res_partner_industry.animation,res_partner_industry.broadcast_media,res_partner_industry.computer_software,res_partner_industry.motion_pictures_and_film","res_partner_industry.med","True","","Barefoot VFX Ltd ","","","Thorp Road","","","http://barefootvfx.com","","M40"
"studio_1306","Paris","base.fr","contact@barns.tv","","48.8563","2015-05-08","2.395","res_partner_industry.broadcast_media","res_partner_industry.med","True","","Barns.tv ","","","146 Boulevard de Charonne","","","http://barns.tv","","75020"
"studio_510","Montreal","base.ca","info@barxseven.com","","45.52161","2015-05-08","-73.57433","res_partner_industry.motion_pictures_and_film","res_partner_industry.med","True","","BarxSeven ","","","4001 Rue Berri","","","http://barxseven.com/","","H2L 4H2"
"studio_1015","London","base.uk","hr@baseblack.com","","51.51678","2015-05-08","-0.14061","res_partner_industry.animation,res_partner_industry.motion_pictures_and_film","res_partner_industry.med","True","","Base Black ","","","18 Margaret Street","","","http://baseblack.com","","W1W"
"studio_1008","Joinville","base.br","dane@basedv.com.br","","-26.2968","2015-05-08","-48.8484","res_partner_industry.broadcast_media,res_partner_industry.motion_pictures_and_film","res_partner_industry.med","True","","Base DV ","","","Rua Otto Boehm","","","http://www.basedv.com.br/","","89201-700"
"studio_1040","Beijing","base.cn","contact@base-fx.com","","39.90554","2015-05-08","116.44242","res_partner_industry.animation,res_partner_industry.motion_pictures_and_film","res_partner_industry.med","True","","Base FX - China ","","","Jian Wai Er Tiao Jie","","","http://www.base-fx.com","","100600"
"studio_437","Wien","base.at","c.stejnar@basis-online.at","","48.18812","2015-05-08","16.36638","res_partner_industry.broadcast_media,res_partner_industry.motion_pictures_and_film","res_partner_industry.med","True","","Basis ","","","4 Trappelgasse","","","http://www.basis-online.at","","1040"
"studio_549","Kansas City","base.us","jobs@bazillionpictures.com","","39.09029","2015-05-08","-94.58558","res_partner_industry.animation,res_partner_industry.motion_pictures_and_film","res_partner_industry.med","True","","Bazillion ","","","118 Southwest Boulevard","","","http://www.bazillionpictures.com/","","64108"
"studio_925","London","base.uk","studio@beanimation.com","","51.50328","2015-05-08","-0.10002","res_partner_industry.broadcast_media","res_partner_industry.med","True","","BE Animation ","","","13 Risborough Street","","","http://beanimation.com","","SE1 0HF"
"studio_276","Geneve","base.ch","neil@bearfootfilms.com","","46.20272","2015-05-08","6.15955","res_partner_industry.animation","res_partner_industry.med","True","","Bearfootfilms ","","","8 Rue de Montchoisy","","","http://www.bearfootfilms.com","","1207"
"studio_1348","Ekaterinburg","base.ru","ceo@beatum.ru","","56.8295","2015-05-08","60.60138","res_partner_industry.broadcast_media","res_partner_industry.med","True","","Beatum ","","","37 ulitsa 8 Marta","","","http://www.beatum.ru","","620014"
"studio_720","Los Angeles","base.us","info@beaustudio.com","","34.03366","2015-05-08","-118.37827","res_partner_industry.broadcast_media,res_partner_industry.motion_pictures_and_film","res_partner_industry.med","True","","Beau Studio ","","","La Cienega Avenue","","","http://www.beaustudio.com","","90034"
"studio_1765","Bruxelles","base.be","contact@bedigital.be","","50.84775","2015-05-08","4.33875","res_partner_industry.motion_pictures_and_film","res_partner_industry.med","True","","BeDigital ","","","4 Rue de l'Abattoir","","","http://www.bedigital.be/","","1000"
"studio_1336","Los Angeles","base.us","brandon@bemo.tv","","34.09275","2015-05-08","-118.28068","res_partner_industry.broadcast_media","res_partner_industry.med","True","","BEMO ","","","4043 Sunset Boulevard","","","http://bemo.tv","","90029"
"studio_403","Portland","base.us","info@bentimagelab.com","","45.50507","2015-05-08","-122.63806","res_partner_industry.broadcast_media","res_partner_industry.med","True","","Bent Image Lab ","","","2729 Southeast Division Street","","","http://bentimagelab.com","","97202"
"studio_91","Evere","base.be","hello@benuts.be","","50.85887","2015-05-08","4.41286","res_partner_industry.broadcast_media","res_partner_industry.med","True","","Benuts ","","","775 Leuvensesteenweg","","","http://benuts.be","","1140"
"studio_1432","Dortmund","base.de","info@berz-pardun.de","","51.50503","2015-05-08","7.53202","res_partner_industry.animation,res_partner_industry.broadcast_media,res_partner_industry.design,res_partner_industry.entertainment","res_partner_industry.med","True","","Berz & Pardun GmbH ","","","32A Stockholmer Allee","","","http://www.berz-pardun.de","","44269"
"studio_1768","Le Barp","base.fr","","","44.63024","2015-05-08","-0.79317","res_partner_industry.broadcast_media,res_partner_industry.design,res_partner_industry.entertainment","res_partner_industry.med","True","","Beview ","","","Avenue du Medoc","","","http://beview.fr/","","33114"
"studio_383","Flensburg","base.de","frage@bewegtbild.com","","54.80993","2015-05-08","9.45493","res_partner_industry.broadcast_media","res_partner_industry.med","True","","Bewegtbild GmbH & Co. KG ","","","16 Fordepromenade","","","http://www.bewegtbild.com","","24944"
"studio_212","Kolkata","base.in","info@blowfishfx.com","","22.51584","2015-05-08","88.36531","res_partner_industry.animation,res_partner_industry.broadcast_media,res_partner_industry.computer_games,res_partner_industry.motion_pictures_and_film","res_partner_industry.med","True","","BFX CGI / Blowfish FX / Tripwire Visionworks ","","","483 Keyatala Lane","","","http://www.blowfishfx.com","","700029"
"studio_865","Toronto","base.ca","info@BFXinc.com","","43.70791","2015-05-08","-79.39332","res_partner_industry.animation,res_partner_industry.broadcast_media","res_partner_industry.med","True","","BFX Inc ","","","164 Eglinton Avenue East","","","http://www.BFXinc.com","","M4P 1A6"
"studio_1777","Santa Monica","base.us","info@bigblockla.com","","34.02146","2015-05-08","-118.49587","res_partner_industry.broadcast_media","res_partner_industry.med","True","","Big Block ","","","631 Wilshire Boulevard","","","http://www.bigblockla.com/","","90401"
"studio_983","Lyon","base.fr","contact@bigcompany.fr","","45.76821","2015-05-08","4.84897","res_partner_industry.broadcast_media,res_partner_industry.design","res_partner_industry.med","True","","Big Company ","","","90 Rue Boileau","","","http://www.bigcompany.fr","","69006"
"studio_1581","Seattle","base.us","mediarelations@bigfishgames.com","","47.62081","2015-05-08","-122.36173","res_partner_industry.computer_games","res_partner_industry.med","True","","Big Fish Games Inc. ","","","333 Elliott Avenue West","","","http://bigfishgames.com","","98119"
"studio_634","Fitzroy","base.au","bigkidz@bigkidz.com.au","","-37.79818","2015-05-08","144.98097","res_partner_industry.animation,res_partner_industry.broadcast_media","res_partner_industry.med","True","","BigKidz Entertainment ","","","316 Napier Street","","","http://www.bigkidz.com.au","","3065"
"studio_1460","Barcelona","base.es","info@biglazyrobot.com","","41.40196","2015-05-08","2.21107","res_partner_industry.broadcast_media","res_partner_industry.med","True","","Big Lazy Robot ","","","1 Carrer de Bac de Roda","","","http://www.biglazyrobot.com/","","08005"
"studio_609","New York","base.us","plymptoons@aol.com","","40.74655","2015-05-08","-73.99298","res_partner_industry.animation,res_partner_industry.broadcast_media","res_partner_industry.med","True","","Bill Plympton ","","","153 West 27th Street","","","http://www.plymptoons.com/","","10001"
"studio_1364","Bangkok","base.th","bincvfx@bincvfx.com","","13.73931","2015-05-08","100.57784","res_partner_industry.broadcast_media","res_partner_industry.med","True","","Binc bkk vfx ","","","Soi Sukhumvit 49/11","","","http://bincvfx.com","","10110"
"studio_1758","Caracas","base.ve","info@biotastudios.com","","10.45492","2015-05-08","-66.87499","res_partner_industry.broadcast_media,res_partner_industry.motion_pictures_and_film","res_partner_industry.med","True","","Biota Studios ","","","Avenida Rio de Oro","","","http://www.biotastudios.com","","1080"
"studio_1384","Edmonton","base.ca","contact@bioware.com","","53.48202","2015-05-08","-113.49443","res_partner_industry.computer_games","res_partner_industry.med","True","","Bioware ","","","4445 Calgary Trail","","","http://www.bioware.com","","T6H 4J8"
"studio_1524","Austin","base.us","","","30.39961","2015-05-08","-97.72347","res_partner_industry.computer_games","res_partner_industry.med","True","","BioWare Austin LLC, ","","","3100 Esperanza Crossing","","","http://www.bioware.com/careers/austin","","78758"
"studio_1511","Prague","base.cz","info@bitmachine.cz","","50.08109","2015-05-08","14.42221","res_partner_industry.broadcast_media,res_partner_industry.motion_pictures_and_film","res_partner_industry.med","True","","bitmachine ","","","19 Jungmannova","","","http://www.bitmachine.cz/","","110 00"
"studio_1770","Mannheim","base.de","ak@blackframefilms.de","","49.47304","2015-05-08","8.47441","res_partner_industry.broadcast_media","res_partner_industry.med","True","","BLACK FRAME FILMS ","","","1 Julius-Hatry-Straße","","","http://www.blackframefilms.de","","68163"
"studio_612","Cape Town","base.za","info@blackginger.tv","","-33.92632","2015-05-08","18.41166","res_partner_industry.animation,res_partner_industry.broadcast_media,res_partner_industry.motion_pictures_and_film","res_partner_industry.med","True","","BlackGinger ","","","60 New Church Street","","","http://www.blackginger.tv","","8001"
"studio_19","Mons","base.be","info@blacklens.be","","50.43827","2015-05-08","3.96147","res_partner_industry.design","res_partner_industry.med","True","","Blacklens Studio ","","","34 Rue de la Cascade","","","http://www.blacklens.be","","7022"
"studio_863","Paris","base.fr","matthieu@blackmeal.com","","48.86832","2015-05-08","2.35613","res_partner_industry.animation,res_partner_industry.broadcast_media,res_partner_industry.motion_pictures_and_film","res_partner_industry.med","True","","Blackmeal ","","","65 Rue Meslay","","","http://www.blackmeal.com/","","75003"
"studio_92","Phoenix","base.us","louise@bladecuts.com","","33.48374","2015-05-08","-112.07346","res_partner_industry.broadcast_media","res_partner_industry.med","True","","BLADE ","","","3033 North Central Avenue","","","http://www.bladecuts.com","","85012"
"studio_1596","Montreal","base.ca","info@blast-media.com","","45.53075","2015-05-08","-73.55853","res_partner_industry.broadcast_media,res_partner_industry.entertainment","res_partner_industry.med","True","","BLAST media ","","","2205 Rue Parthenais","","","http://blast-media.com","","H2K 3T3"
"studio_165","Santa Monica","base.us","dave@blind.com","","34.02201","2015-05-08","-118.47721","res_partner_industry.broadcast_media","res_partner_industry.med","True","","BLIND ","","","1702 Olympic Boulevard","","","http://blind.com","","90404"
"studio_1672","Newton","base.us","info@blindsquirreldigital.com","","35.66347","2015-05-08","-81.22239","res_partner_industry.animation,res_partner_industry.computer_games,res_partner_industry.computer_software,res_partner_industry.motion_pictures_and_film","res_partner_industry.med","True","","Blind Squirrel Digital ","","","22 North Main Avenue","","","http://www.blindsquirreldigital.com","","28658"
"studio_866","Vancouver","base.ca","info@goblink.com","","49.28299","2015-05-08","-123.11027","res_partner_industry.broadcast_media","res_partner_industry.med","True","","Blink ","","","319 West Hastings Street","","","http://www.blinkmediaworks.com/","","V6B 1H6"
"studio_774","London","base.uk","info@blinkprods.com","","51.51505","2015-05-08","-0.13532","res_partner_industry.broadcast_media,res_partner_industry.motion_pictures_and_film","res_partner_industry.med","True","","Blink Production ","","","181 Wardour Street","","","http://www.blinkprods.com/","","W1F 8WZ"
"studio_143","Royal Leamington Spa","base.uk","info@BlitzGamesStudios.com","","52.29035","2015-05-08","-1.53553","res_partner_industry.computer_games","res_partner_industry.med","True","","Blitz Games Studios ","","","Parade","","","http://www.blitzgamesstudios.com/","","CV32"
"studio_1476","Irvine","base.us","","","33.65783","2015-05-08","-117.76745","res_partner_industry.animation,res_partner_industry.computer_games,res_partner_industry.motion_pictures_and_film","res_partner_industry.med","True","","Blizzard Entertainment ","","","16215 Alton Parkway","","","http://www.blizzard.com","","92618"
"studio_1194","Pantin","base.fr","contact@bloodybird.com","","48.89979","2015-05-08","2.39548","res_partner_industry.broadcast_media","res_partner_industry.med","True","","Bloody Bird ","","","24 Rue Davoust","","","http://www.bloodybird.com/","","93500"
"studio_1215","Barcelona","base.es","info@bloompixstudios.com","","41.38181","2015-05-08","2.16278","res_partner_industry.animation,res_partner_industry.broadcast_media,res_partner_industry.computer_games,res_partner_industry.motion_pictures_and_film","res_partner_industry.med","True","","BloomPix Studios ","","","143 Carrer de Floridablanca","","","http://www.bloompixstudios.com","","08011"
"studio_1803","Middlesbrough","base.uk","albin@bloom-studio.com","","54.57157","2015-05-08","-1.23388","res_partner_industry.animation,res_partner_industry.broadcast_media,res_partner_industry.motion_pictures_and_film","res_partner_industry.med","True","","Bloom Studio ","","","Stephenson Street","","","http://www.bloom-studio.com","","TS1"
"studio_291","London","base.uk","enquiries@blue-bolt.com","","51.51701","2015-05-08","-0.14036","res_partner_industry.broadcast_media,res_partner_industry.motion_pictures_and_film","res_partner_industry.med","True","","Bluebolt ","","","15 Margaret Street","","","http://blue-bolt.com","","W1W 8RW"
"studio_948","Bratislava","base.sk","","","48.15212","2015-05-08","17.20173","res_partner_industry.broadcast_media,res_partner_industry.computer_software,res_partner_industry.motion_pictures_and_film","res_partner_industry.med","True","","BLUE FACES ","","","3 Majerska","","","http://www.bluefaces.eu","","821 07"
"studio_647","Savannah","base.us","info@bluelimestudio.com","","32.08049","2015-05-08","-81.08829","res_partner_industry.animation,res_partner_industry.design","res_partner_industry.med","True","","BlueLime Studio ","","","216 East Bay Street","","","http://www.bluelime.com","","31401"
"studio_250","Noventana","base.it","info@bluemotion.it","","45.40783","2015-05-08","11.93866","res_partner_industry.broadcast_media","res_partner_industry.med","True","","Bluemotion ","","","Viale della Navigazione Interna","","","http://www.bluemotion.it","","35027"
"studio_793","New York","base.us","info@blueroomnyc.com","","40.73903","2015-05-08","-73.99249","res_partner_industry.broadcast_media,res_partner_industry.motion_pictures_and_film","res_partner_industry.med","True","","Blue Room ","","","7 West 18th Street","","","http://blueroomnyc.com/","","10011"
"studio_552","Aschheim","base.de","mail@blue-silver.de","","48.15208","2015-05-08","11.6818","res_partner_industry.animation,res_partner_industry.broadcast_media,res_partner_industry.computer_software,res_partner_industry.design,res_partner_industry.entertainment,res_partner_industry.motion_pictures_and_film","res_partner_industry.med","True","","BLUE SILVER GmbH ","","","3 Max-Planck-Straße","","","http://www.blue-silver.de","","85609"
"studio_1421","Greenwich","base.us","info@blueskystudios.com","","41.09837","2015-05-08","-73.72236","res_partner_industry.animation","res_partner_industry.med","True","","Blue Sky Studios Inc ","","","1 American Lane","","","http://www.blueskystudios.com","","06831"
"studio_676","Angouleme","base.fr","info@spirit-prod.com","","45.65301","2015-05-08","0.14684","res_partner_industry.animation,res_partner_industry.broadcast_media","res_partner_industry.med","True","","Blue Spirit Studio ","","","169 Rue de Bordeaux","","","http://www.spirit-prod.com","","16000"
"studio_331","Orem","base.us","","","40.29697","2015-05-08","-111.71779","res_partner_industry.broadcast_media","res_partner_industry.med","True","","BluFire Studios ","","","931 West Center Street","","","http://blufirestudios.com","","84057"
"studio_873","Los Angeles","base.us","webmaster@blur.com","","33.99007","2015-05-08","-118.46185","res_partner_industry.animation,res_partner_industry.broadcast_media,res_partner_industry.motion_pictures_and_film","res_partner_industry.med","True","","Blur Studio ","","","589 Venice Boulevard","","","http://www.blur.com/","","90291"
"studio_937","Paris","base.fr","contact@b-mac.fr","","48.88473","2015-05-08","2.3295","res_partner_industry.computer_software","res_partner_industry.med","True","","B-Mac ","","","15 Rue Forest","","","http://www.buf.com","","75018"
"studio_1464","Zagreb","base.hr","info@bold-studio.com","","45.80917","2015-05-08","15.98875","res_partner_industry.broadcast_media","res_partner_industry.med","True","","Bold Studio Zagreb ","","","5 Ulica kneza Višeslava","","","http://www.bold-studio.com","","10000"
"studio_580","Milano","base.it","info@bonsaininja.com","","45.4767","2015-05-08","9.16621","res_partner_industry.broadcast_media","res_partner_industry.med","True","","Bonsaininja studio ","","","7 Via Filarete","","","http://www.bonsaininja.com/","","20145"
"studio_598","Florianopolis","base.br","rodrigo@bonsi.com.br","","-27.58574","2015-05-08","-48.52421","res_partner_industry.broadcast_media","res_partner_industry.med","True","","Bonsi - Studio 3D ","","","689 Rua Lauro Linhares","","","http://bonsi.com.br/","","88036-002"
"studio_1089","Subiaco","base.au","info@boogiemonster.com.au","","-31.94743","2015-05-08","115.83468","res_partner_industry.broadcast_media,res_partner_industry.motion_pictures_and_film","res_partner_industry.med","True","","Boogie Monster ","","","95 Hay Street","","","http://www.boogiemonster.com.au","","6008"
"studio_174","Montreal","base.ca","info@boogiestudio.com","","45.50095","2015-05-08","-73.55532","res_partner_industry.broadcast_media","res_partner_industry.med","True","","Boogie Studio ","","","308 Place d'Youville","","","http://www.boogiestudio.com","","H2Y 2B6"
"studio_1568","Barcelona","base.es","boolab@boolab.tv","","41.3961","2015-05-08","2.19886","res_partner_industry.broadcast_media","res_partner_industry.med","True","","Boolab ","","","38 Carrer de Badajoz","","","http://www.boolab.tv/","","08005"
"studio_1005","Zagreb","base.hr","info@boonar.com","","45.78772","2015-05-08","15.95635","res_partner_industry.animation,res_partner_industry.broadcast_media,res_partner_industry.computer_games,res_partner_industry.motion_pictures_and_film","res_partner_industry.med","True","","Boonar ","","","23 Veslacka ulica","","","http://boonar.com/","","10000"
"studio_226","Montevideo","base.uy","pablito@bopostboutique.com","","-34.91517","2015-05-08","-56.16252","res_partner_industry.broadcast_media","res_partner_industry.med","True","","BoPost Boutique ","","","Bulevar General Artigas","","","http://www.bopostboutique.com","","11300"
"studio_978","Kiruna","base.se","info@bortbyting.com","","67.85257","2015-05-08","20.24317","res_partner_industry.animation,res_partner_industry.broadcast_media","res_partner_industry.med","True","","Bortbyting ","","","58 Adolf Hedinsvagen","","","http://www.bortbyting.com","","98133"
"studio_94","Chennai","base.in","contact@botvfx.com","","13.04464","2015-05-08","80.26688","res_partner_industry.broadcast_media,res_partner_industry.motion_pictures_and_film","res_partner_industry.med","True","","BOT VFX ","","","Doctor Radha Krishnan Salai","","","http://www.botvfx.com/","","600004"
"studio_66","Alpharetta","base.us","hetal@botvfx.com","","33.99798","2015-05-08","-84.28341","res_partner_industry.broadcast_media,res_partner_industry.motion_pictures_and_film","res_partner_industry.med","True","","BOTVFX ","","","2660 Holcomb Bridge Road","","","http://botvfx.com","","30022"
"studio_449","Milano","base.it","studio@studiobozzetto.com","","45.48804","2015-05-08","9.19901","res_partner_industry.animation","res_partner_industry.med","True","","Bozzetto Studio ","","","55 Via Melchiorre Gioia","","","http://www.studiobozzetto.com/","","20124"
"studio_1844","Riyadh","base.sa","info@brainimation.com","","24.7323","2015-05-08","46.83552","res_partner_industry.broadcast_media","res_partner_industry.med","True","","BRAINIMATION ","","","11391 As Saudi","","","http://www.brainimation.com","","14243"
"studio_1004","Los Angeles","base.us","info@brainzoostudios.com","","34.20873","2015-05-08","-118.49268","res_partner_industry.animation,res_partner_industry.broadcast_media,res_partner_industry.computer_games","res_partner_industry.med","True","","Brain Zoo Studios ","","","16509 Saticoy Street","","","http://www.brainzoostudios.com","","91406"
"studio_247","New York","base.us","","","40.72488","2015-05-08","-74.00619","res_partner_industry.broadcast_media","res_partner_industry.med","True","","Brand New School ","","","121 Varick Street","","","http://brandnewschool.com/","","10013"
"studio_277","London","base.uk","mailbox@brandtanim.co.uk","","51.51219","2015-05-08","-0.13157","res_partner_industry.broadcast_media,res_partner_industry.design,res_partner_industry.motion_pictures_and_film","res_partner_industry.med","True","","Brandt Animation ","","","75 Dean Street","","","http://www.brandtanim.co.uk","","W1D"
"studio_1634","Kansas City","base.us","Info@branitvfx.com","","39.09021","2015-05-08","-94.58647","res_partner_industry.animation,res_partner_industry.broadcast_media,res_partner_industry.motion_pictures_and_film","res_partner_industry.med","True","","Branit FX ","","","1920 Wyandotte Street","","","http://www.branitfx.com","","64108"
"studio_731","Sevilla","base.es","info@bravogamestudios.com","","37.38313","2015-05-08","-5.97404","res_partner_industry.computer_games","res_partner_industry.med","True","","Bravo Game Studios ","","","Avenida de Eduardo Dato","","","http://www.bravogames.com/","","41005"
"studio_1405","Sochaczew","base.pl","Hello@breakthrufilms.co.uk","","52.25995","2015-05-08","20.28417","res_partner_industry.animation,res_partner_industry.motion_pictures_and_film","res_partner_industry.med","True","","BreakThru Films ","","","15 Siewna","","","http://www.breakthrufilms.co.uk","","96-503"
"studio_421","Brisbane","base.au","hello@studiobreeder.com","","-27.4655","2015-05-08","153.0125","res_partner_industry.broadcast_media,res_partner_industry.design,res_partner_industry.entertainment","res_partner_industry.med","True","","BREEDER ","","","22 Petrie Terrace","","","http://www.studiobreeder.com","","4000"
"studio_1211","Eislingen/Fils","base.de","info@breitbild-vfx.com","","48.69298","2015-05-08","9.6909","res_partner_industry.broadcast_media,res_partner_industry.motion_pictures_and_film","res_partner_industry.med","True","","Breitbild Visual Effects ","","","14 Fohrenweg","","","http://www.breitbild-vfx.com","","73054"
"studio_1052","Boston","base.us","jenn@brewhousevfx.com","","42.34871","2015-05-08","-71.07228","res_partner_industry.broadcast_media,res_partner_industry.motion_pictures_and_film","res_partner_industry.med","True","","BrewHouseVFX ","","","142 Berkeley Street","","","http://www.brewhousevfx.com","","02116"
"studio_681","Boston","base.us","info@brickyardvfx.com","","42.34853","2015-05-08","-71.08745","res_partner_industry.broadcast_media","res_partner_industry.med","True","","Brickyard VFX ","","","353 Newbury Street","","","http://www.brickyardvfx.com","","02115"
"studio_442","Madrid","base.es","hi@brik.tv","","40.39611","2015-05-08","-3.69285","res_partner_industry.broadcast_media,res_partner_industry.motion_pictures_and_film","res_partner_industry.med","True","","Brik Studio ","","","Calle Batalla de Belchite","","","http://brik.tv","","28045"
"studio_1057","Stockholm","base.se","brett@brokendoll.com","","59.31658","2015-05-08","18.07275","res_partner_industry.broadcast_media","res_partner_industry.med","True","","Brokendoll Produktion ","","","33 Hogbergsgatan","","","http://www.brokendoll.com","","11620"
"studio_957","Burnaby","base.ca","","","49.21975","2015-05-08","-122.98463","res_partner_industry.animation,res_partner_industry.broadcast_media,res_partner_industry.motion_pictures_and_film","res_partner_industry.med","True","","Bron Studio ","","","5542 Short Street","","","http://www.bronstudios.com","","V5J 1L9"
"studio_910","Sofia","base.bg","office@bubustudio.com","","42.67809","2015-05-08","23.29944","res_partner_industry.broadcast_media,res_partner_industry.computer_hardware,res_partner_industry.motion_pictures_and_film","res_partner_industry.med","True","","Bubu Studio ","","","bulevard ""Bulgaria""","","","http://bubustudio.com","","1408"
"studio_1513","New York","base.us","info@buck.tv","","40.72044","2015-05-08","-73.99822","res_partner_industry.broadcast_media","res_partner_industry.med","True","","Buck ","","","247 Centre Street","","","http://buck.tv","","10013"
"studio_4","Paris","base.fr","","","48.89733","2015-05-08","2.33077","res_partner_industry.animation,res_partner_industry.broadcast_media,res_partner_industry.motion_pictures_and_film","res_partner_industry.med","True","","Buf ","","","143 Boulevard Ney","","","http://www.buf.com/","","75018"
"studio_255","Paris","base.fr","","","48.87328","2015-05-08","2.32018","res_partner_industry.animation,res_partner_industry.broadcast_media,res_partner_industry.computer_software,res_partner_industry.motion_pictures_and_film","res_partner_industry.med","True","","Buf Compagnie ","","","3 Rue Roquepine","","","http://www.buf.com/","","75008"
"studio_1107","Bergen","base.no","dave@bug.no","","60.39289","2015-05-08","5.32663","res_partner_industry.broadcast_media","res_partner_industry.med","True","","Bug ","","","3 Småstrandgaten","","","http://www.bug.no","","5014"
"studio_359","Toronto","base.ca","contact@bullseye.tv","","43.63903","2015-05-08","-79.4207","res_partner_industry.animation,res_partner_industry.broadcast_media,res_partner_industry.motion_pictures_and_film","res_partner_industry.med","True","","Bullseye ","","","99 Atlantic Avenue","","","http://www.bullseye.tv","","M6K 3J8"
"studio_1838","Baltimore","base.us","info@bullyentertainment.com","","39.27612","2015-05-08","-76.61276","res_partner_industry.broadcast_media,res_partner_industry.entertainment","res_partner_industry.med","True","","Bully Entertainment ","","","1121 Marshall Street","","","http://www.bullyentertainment.com","","21230"
"studio_1242","Bellevue","base.us","careers@bungie.com","","47.61544","2015-05-08","-122.19793","res_partner_industry.computer_games","res_partner_industry.med","True","","Bungie ","","","550 106th Avenue Northeast","","","http://www.bungie.net/","","98004"
"studio_1782","Castel Mella","base.it","burnhead@burnhead.net","","45.49288","2015-05-08","10.1484","res_partner_industry.design","res_partner_industry.med","True","","BurnHead studio ","","","16 Via Cardinale Bevilacqua","","","http://www.burnhead.net","","25030"
"studio_445","München","base.de","info@buerobewegt.de","","48.12031","2015-05-08","11.57132","res_partner_industry.broadcast_media,res_partner_industry.entertainment","res_partner_industry.med","True","","büro bewegt ","","","9 Schyrenstraße","","","http://www.buerobewegt.com","","81543"
"studio_523","Brentwood","base.uk","","","51.63172","2015-05-08","0.33244","res_partner_industry.animation,res_partner_industry.broadcast_media,res_partner_industry.computer_software,res_partner_industry.motion_pictures_and_film","res_partner_industry.med","True","","Burrows Nvisage ","","","5 Rayleigh Road","","","http://www.burrows.info","","CM13"
"studio_629","Bordeaux","base.fr","david.jarnage@busterlilo.com","","44.85409","2015-05-08","-0.57027","res_partner_industry.broadcast_media,res_partner_industry.design","res_partner_industry.med","True","","Busterlilo ","","","51 Rue Pomme d'Or","","","http://www.busterlilo.com","","33300"
"studio_1085","Tourcoing","base.fr","info@bstudio.fr","","50.7006","2015-05-08","3.15729","res_partner_industry.broadcast_media","res_partner_industry.med","True","","Butterfly Animation ","","","99 Boulevard Constantin Descat","","","http://www.butterfly-animation.com","","59200"
"studio_446","Valenciennes","base.fr","contact@byook.com","","50.36627","2015-05-08","3.52957","res_partner_industry.computer_games","res_partner_industry.med","True","","Byook ","","","360 Rue Marc Lefranc","","","http://www.byook.com/","","59300"
"studio_434","Ennsbach","base.at","office@c3d.at","","48.15099","2015-05-08","15.01024","res_partner_industry.broadcast_media","res_partner_industry.med","True","","C3D Visualizations ","","","11 Habich","","","http://www.c3d.at","","3376"
"studio_1137","Budapest","base.hu","cabbage@cabbage.hu","","47.52657","2015-05-08","19.03511","res_partner_industry.broadcast_media","res_partner_industry.med","True","","Cabbage House ","","","25 Üromi utca","","","http://www.cabbagehouse.hu","","1023"
"studio_1126","Florianopolis","base.br","contato@cafundo.tv","","-27.60701","2015-05-08","-48.52476","res_partner_industry.broadcast_media","res_partner_industry.med","True","","Cafundo Estúdio Criativo ","","","70 Rua Taquaras","","","http://www.cafundo.tv","","88040-582"
"studio_738","London","base.uk","hello@eatcake.tv","","51.52232","2015-05-08","-0.11303","res_partner_industry.broadcast_media","res_partner_industry.med","True","","Cake ","","","38 Mount Pleasant","","","http://www.eatcake.tv","","WC1X 0AN"
"studio_1523","São Paulo","base.br","cae@calangomotion.com.br","","-23.56537","2015-05-08","-46.68358","res_partner_industry.animation,res_partner_industry.broadcast_media,res_partner_industry.motion_pictures_and_film","res_partner_industry.med","True","","Calangomotion ","","","57 Rua Mateus Grou","","","http://www.calangomotion.com","","05415-050"
"studio_989","Berlin","base.de","info@callistovfx.com","","52.4686","2015-05-08","13.32796","res_partner_industry.broadcast_media","res_partner_industry.med","True","","Callisto FX GmbH ","","","87 Bundesallee","","","http://www.callistovfx.com","","12161"
"studio_637","Milano","base.it","campass@studiocampedelli.it","","45.46053","2015-05-08","9.20669","res_partner_industry.animation","res_partner_industry.med","True","","Campedelli Studio ","","","28 Viale Regina Margherita","","","http://www.studiocampedelli.net/","","20122"
"studio_944","Chalandri","base.gr","info@candyshopvfx.com","","38.02213","2015-05-08","23.79207","res_partner_industry.broadcast_media","res_partner_industry.med","True","","candyshopvfx ","","","22 Papanikoli","","","http://www.candyshopvfx.com","","152 32"
"studio_1416","Fitzroy North","base.au","victoria@canopyvfx.com","","-37.79012","2015-05-08","144.98543","res_partner_industry.broadcast_media","res_partner_industry.med","True","","Canopy VFX ","","","6 Grant Street","","","http://www.canopyvfx.com/","","3068"
"studio_501","Reykjavík","base.is","info@caoz.com","","64.14555","2015-05-08","-21.91886","res_partner_industry.animation","res_partner_industry.med","True","","CAOZ hf. (plc) ","","","63 Skúlagata","","","http://www.caoz.com/","","101"
"studio_431","Burnaby","base.ca","cv.info@capcom.com","","49.26042","2015-05-08","-123.00752","res_partner_industry.computer_games","res_partner_industry.med","True","","Capcom ","","","4401 Still Creek Drive","","","http://capcomvancouver.com","","V5C 6G9"
"studio_1300","Los Angeles","base.us","","","34.05793","2015-05-08","-118.44588","res_partner_industry.computer_games","res_partner_industry.med","True","","Capcom Interactive, Inc. ","","","10960 Wilshire Boulevard","","","http://www.capcom.com/us/","","90024"
"studio_625","Lisboa","base.pt","hello@wearecaptive.com","","38.71435","2015-05-08","-9.14588","res_partner_industry.broadcast_media","res_partner_industry.med","True","","Captive ","","","233 Rua Rosa","","","http://www.wearecaptive.com","","1200-385"
"studio_214","Geneve","base.ch","contact@caravan-prod.ch","","46.20142","2015-05-08","6.16258","res_partner_industry.broadcast_media","res_partner_industry.med","True","","Caravan Productions ","","","54 Route de Frontenex","","","http://www.caravan-prod.ch","","1207"
"studio_1722","Aliso Viejo","base.us","info@carbinestudios.com","","33.58178","2015-05-08","-117.72545","res_partner_industry.computer_games","res_partner_industry.med","True","","carbine Studios ","","","95 Enterprise","","","http://www.carbinestudios.com","","92656"
"studio_363","New York","base.us","frank@carbonvfx.com","","40.72762","2015-05-08","-74.00516","res_partner_industry.broadcast_media","res_partner_industry.med","True","","Carbon vfx ","","","180 Varick Street","","","http://www.carbonvfx.com/","","10014"
"studio_217","Sant'Agata","base.it","info@cartobaleno.com","","44.01717","2015-05-08","11.33467","res_partner_industry.animation","res_partner_industry.med","True","","Cartobaleno ","","","2 Via delle Case Nuove","","","http://www.cartobaleno.com","","50038"
"studio_656","Valenciennes","base.fr","contact@le-cccp.com","","50.36627","2015-05-08","3.52957","res_partner_industry.computer_games","res_partner_industry.med","True","","CCCP ","","","360 Rue Marc Lefranc","","","http://www.le-cccp.com/","","59300"
"studio_852","Matane","base.ca","information@cdrin.com","","48.83992","2015-05-08","-67.50182","res_partner_industry.computer_hardware,res_partner_industry.computer_software","res_partner_industry.med","True","","CDRIN ","","","608 Avenue Saint Redempteur","","","http://www.cdrin.com/","","G4W 1K9"
"studio_21","Berlin","base.de","mail@celluloid-vfx.com","","52.49623","2015-05-08","13.4221","res_partner_industry.broadcast_media,res_partner_industry.motion_pictures_and_film","res_partner_industry.med","True","","Celluloid Visual Effects ","","","39 Paul-Lincke-Ufer","","","http://celluloid-vfx.com","","10999"
"studio_1225","Roma","base.it","ciao@centounopercento.com","","41.88975","2015-05-08","12.47638","res_partner_industry.broadcast_media,res_partner_industry.computer_games,res_partner_industry.entertainment","res_partner_industry.med","True","","Centounopercento (101% Studio)","","","12 Lungotevere degli Anguillara","","","http://www.centounopercento.com/","","00153"
"studio_341","Moskva","base.ru","info@cgfww.com","","55.78011","2015-05-08","37.69216","res_partner_industry.broadcast_media,res_partner_industry.motion_pictures_and_film","res_partner_industry.med","True","","CG Factory ","","","73 Bakuninskaya ulitsa","","","http://www.cgfww.com/","","105082"
"studio_1284","Shenzhen Shi","base.cn","","","22.80711","2015-05-08","113.87755","res_partner_industry.broadcast_media,res_partner_industry.computer_games,res_partner_industry.computer_hardware,res_partner_industry.design","res_partner_industry.med","True","","cgmdi ","","","Xiang Shan Da Dao Yu Guang Tian Lu Lian Jie Duan","","","http://www.cgmdi.com","","518105"
"studio_71","Englishtown","base.us","info@cgrendering.com","","40.26344","2015-05-08","-74.37371","res_partner_industry.broadcast_media,res_partner_industry.design","res_partner_industry.med","True","","CGRendering ","","","227 Shinnecock Drive","","","http://cgrendering.com","","07726"
"studio_1481","Mexico","base.mx","info@chamananimation.com","","19.35496","2015-05-08","-99.15299","res_partner_industry.animation,res_partner_industry.broadcast_media,res_partner_industry.motion_pictures_and_film","res_partner_industry.med","True","","Chaman Animation Studio ","","","124 Xicotencatl","","","http://www.chamananimation.com","","04100"
"studio_1402","Hamburg","base.de","us@chargedvfx.com","","53.55207","2015-05-08","9.93302","res_partner_industry.broadcast_media","res_partner_industry.med","True","","CHARGEDvfx ","","","1A Ottenser Hauptstraße","","","http://chargedvfx.com","","22765"
"studio_1808","New York","base.us","info@charlex.com","","40.75545","2015-05-08","-73.98018","res_partner_industry.broadcast_media","res_partner_industry.med","True","","Charlex ","","","2 West 45th Street","","","http://www.charlex.com/","","10036"
"studio_1575","Culver City","base.us","operations@charlieco.tv","","34.03185","2015-05-08","-118.37703","res_partner_industry.broadcast_media","res_partner_industry.med","True","","Charlie Co ","","","6025 West Washington Boulevard","","","http://charlieco.tv","","90232"
"studio_1317","Paris","base.fr","chezeddy@chezeddy.com","","48.86173","2015-05-08","2.28364","res_partner_industry.animation,res_partner_industry.broadcast_media,res_partner_industry.motion_pictures_and_film","res_partner_industry.med","True","","chez eddy ","","","12 Rue Petrarque","","","http://www.chezeddy.com","","75116"
"studio_853","Bouleternere","base.fr","contact@3danimation.fr","","42.6522","2015-05-08","2.58489","res_partner_industry.broadcast_media,res_partner_industry.computer_games,res_partner_industry.design","res_partner_industry.med","True","","Chiari 3D ","","","6 Rue du Roussillon","","","http://www.3danimation.fr/","","66130"
"studio_1413","Berlin","base.de","germany@chimneygroup.com","","52.52477","2015-05-08","13.39904","res_partner_industry.broadcast_media","res_partner_industry.med","True","","Chimney Deutschland ","","","17 Große Hamburger Straße","","","http://www.chimneygroup.com","","10115"
"studio_1455","Stockholm","base.se","info@thechimneypot.com","","59.34263","2015-05-08","18.07828","res_partner_industry.broadcast_media,res_partner_industry.motion_pictures_and_film","res_partner_industry.med","True","","Chimney Pot AB ","","","58 Sturegatan","","","http://www.thechimneypot.com/","","11436"
"studio_555","Singapore","base.sg","enquiry@chipsandtoon.com","","1.29872","2015-05-08","103.85181","res_partner_industry.broadcast_media,res_partner_industry.computer_games","res_partner_industry.med","True","","Chips and Toon Pte Ltd ","","","261 Waterloo Street","","","http://www.chipsandtoon.com/","","180261"
"studio_669","Berlin","base.de","Info@chriscreatures.com","","52.46666","2015-05-08","13.3306","res_partner_industry.animation,res_partner_industry.broadcast_media,res_partner_industry.motion_pictures_and_film","res_partner_industry.med","True","","Chris Creatures Filmeffects GmbH ","","","45 Rheinstraße","","","http://www.chriscreatures.com","","12161"
"studio_86","Koln","base.de","cologne@chriscreatures.com","","50.95105","2015-05-08","6.91981","res_partner_industry.animation,res_partner_industry.broadcast_media,res_partner_industry.motion_pictures_and_film","res_partner_industry.med","True","","Chris Creatures Filmeffects Koln GmbH ","","","6A Stammstraße","","","http://www.chriscreatures.com","","50823"
"studio_982","Roubaix","base.fr","contact@chromelight.fr","","50.67929","2015-05-08","3.18407","res_partner_industry.design,res_partner_industry.entertainment","res_partner_industry.med","True","","ChromeLight Studio ","","","243 Rue Montgolfier","","","http://chromelight-studio.fr","","59100"
"studio_516","Moskva","base.ru","vfx@cinelab.ru","","55.86624","2015-05-08","37.45961","res_partner_industry.animation,res_partner_industry.broadcast_media,res_partner_industry.motion_pictures_and_film","res_partner_industry.med","True","","Cinelab VFX ","","","65 Leningradskoye shosse","","","http://www.cinelab.ru","","125445"
"studio_895","Pineville","base.us","info@cinemanix.com","","35.11436","2015-05-08","-80.90428","res_partner_industry.broadcast_media","res_partner_industry.med","True","","Cinemanix Productions ","","","10550 Southern Loop Boulevard","","","http://www.cinemanix.com","","28134"
"studio_1128","Sofia","base.bg","office@cinemotion.bg","","42.68439","2015-05-08","23.35694","res_partner_industry.animation,res_partner_industry.broadcast_media,res_partner_industry.computer_software,res_partner_industry.motion_pictures_and_film","res_partner_industry.med","True","","Cinemotion ","","","ulitsa ""Simeonov vek""","","","http://www.cinemotion.bg","","1111"
"studio_302","London","base.uk","jobs@cinesite.co.uk","","51.51516","2015-05-08","-0.13487","res_partner_industry.motion_pictures_and_film","res_partner_industry.med","True","","cinesite ","","","2 Sheraton Street","","","http://www.cinesite.com","","W1F 8BH"
"studio_1399","Shepperton","base.uk","miniatures@cinesite.co.uk","","51.40795","2015-05-08","-0.46556","res_partner_industry.motion_pictures_and_film","res_partner_industry.med","True","","Cinesite ","","","Studios Road","","","http://www.cinesite.com/","","TW17"
"studio_658","Moskva","base.ru","info@cinesoft.ru","","55.77814","2015-05-08","37.69634","res_partner_industry.computer_software","res_partner_industry.med","True","","Cinesoft ","","","55 Bolshaya Pochtovaya ulitsa","","","http://cinesoft.ru/","","105082"
"studio_1011","Bordeaux","base.fr","pier@cinetique.org","","44.85454","2015-05-08","-0.5695","res_partner_industry.broadcast_media","res_partner_industry.med","True","","Cinetique Productions ","","","41 Rue Borie","","","http://www.cinetiqueproductions.org","","33300"
"studio_703","Paris","base.fr","contact@circus.fr","","48.87145","2015-05-08","2.34842","res_partner_industry.animation,res_partner_industry.broadcast_media,res_partner_industry.computer_software,res_partner_industry.design,res_partner_industry.motion_pictures_and_film","res_partner_industry.med","True","","Circus ","","","10 Rue du Faubourg Poissonniere","","","http://www.circus.fr","","75010"
"studio_640","Amsterdam","base.nl","hello@circusfamily.com","","52.37147","2015-05-08","4.8941","res_partner_industry.broadcast_media,res_partner_industry.motion_pictures_and_film","res_partner_industry.med","True","","Circus Family ","","","19 Sint Pieterspoortsteeg","","","http://www.circusfamily.com","","1012 HM"
"studio_103","Los Angeles","base.us","info@cishollywood.com","","34.0921","2015-05-08","-118.33597","res_partner_industry.broadcast_media,res_partner_industry.motion_pictures_and_film","res_partner_industry.med","True","","Cis ","","","1144 North Las Palmas Avenue","","","http://www.cisvfxgroup.com/","","90038"
"studio_766","Milano","base.it","info@clonwerk.it","","45.44281","2015-05-08","9.13936","res_partner_industry.broadcast_media","res_partner_industry.med","True","","Clonwerk ","","","2 Via Privata Parenzo","","","http://www.clonwerk.it/","","20143"
"studio_166","Mexico","base.mx","contacto@clusterstudio.com","","19.43436","2015-05-08","-99.2071","res_partner_industry.broadcast_media,res_partner_industry.motion_pictures_and_film","res_partner_industry.med","True","","Cluster Studio ","","","711 Ciceron","","","http://www.clusterstudio.com","","11550"
"studio_635","Melbourne Beach","base.us","info@coalterdigital.com","","28.06782","2015-05-08","-80.56122","res_partner_industry.animation,res_partner_industry.broadcast_media,res_partner_industry.design,res_partner_industry.motion_pictures_and_film","res_partner_industry.med","True","","Coalter Digital Animation and Film Studio ","","","401 Ocean Avenue","","","http://www.coalterdigital.com","","32951"
"studio_193","Braunschweig","base.de","info@cobra-gestaltung.de","","52.25947","2015-05-08","10.5367","res_partner_industry.broadcast_media","res_partner_industry.med","True","","COBRA  visuelle Kommunikation ","","","56 Leonhardstraße","","","http://www.cobra-viskom.de","","38102"
"studio_1764","New York","base.us","evan@codavfx.com","","40.75651","2015-05-08","-73.97769","res_partner_industry.broadcast_media","res_partner_industry.med","True","","Coda Visual Effects Ltd. ","","","9 East 47th Street","","","http://codavfx.com","","10017"
"studio_179","New York","base.us","jeff@collidernyc.com","","40.74117","2015-05-08","-73.99593","res_partner_industry.broadcast_media","res_partner_industry.med","True","","Collider ","","","133 West 19th Street","","","http://www.collidernyc.com","","10011"
"studio_678","Darlinghurst","base.au","contact@collider.com.au","","-33.87893","2015-05-08","151.22492","res_partner_industry.broadcast_media,res_partner_industry.design","res_partner_industry.med","True","","Collider Films ","","","19A Boundary Street","","","http://www.collider.com.au","","2010"
"studio_1574","London","base.uk","info@colonelblimp.com","","51.51505","2015-05-08","-0.13532","res_partner_industry.broadcast_media,res_partner_industry.motion_pictures_and_film","res_partner_industry.med","True","","Colonel Blimp ","","","181 Wardour Street","","","http://www.colonelblimp.com/","","W1F 8WZ"
"studio_638","Utrecht","base.nl","info@colorbleed.nl","","52.07937","2015-05-08","5.0986","res_partner_industry.animation,res_partner_industry.broadcast_media,res_partner_industry.computer_software,res_partner_industry.motion_pictures_and_film","res_partner_industry.med","True","","Colorbleed ","","","15 Grebbeberglaan","","","http://www.colorbleed.nl","","3527 VX"
"studio_137","Warszawa","base.pl","ola@welovecolor.tv","","52.18496","2015-05-08","21.0679","res_partner_industry.broadcast_media","res_partner_industry.med","True","","ColorTV ","","","8 Okrężna","","","http://welovecolor.tv","","02-916"
"studio_562","Santa Monica","base.us","","","34.01851","2015-05-08","-118.47978","res_partner_industry.broadcast_media,res_partner_industry.motion_pictures_and_film","res_partner_industry.med","True","","Comen VFX ","","","1750 14th Street","","","http://www.comenvfx.com","","90404"
"studio_1122","New York","base.us","","","40.74137","2015-05-08","-73.99908","res_partner_industry.broadcast_media,res_partner_industry.motion_pictures_and_film","res_partner_industry.med","True","","Company 3 ","","","218 West 18th Street","","","http://www.company3.com","","10011"
"studio_1129","Koekelberg","base.be","sales@condor.tv","","50.85931","2015-05-08","4.33723","res_partner_industry.broadcast_media","res_partner_industry.med","True","","Condor Belgium ","","","26 Deschampheleerstraat","","","http://condor.tv/","","1081"
"studio_1456","Cape Town","base.za","info@condorcape.com","","-33.91243","2015-05-08","18.42038","res_partner_industry.broadcast_media","res_partner_industry.med","True","","condor digital ","","","2 Port Road","","","http://condor.tv","","8001"
"studio_1631","Berlin","base.de","sales@berlin.condor.tv","","52.52479","2015-05-08","13.40422","res_partner_industry.broadcast_media","res_partner_industry.med","True","","Condor digital media GmbH ","","","6 Neue Schonhauser Straße","","","http://condor.tv/","","10178"
"studio_652","Cape Town","base.za","info@conduit.co.za","","-33.92456","2015-05-08","18.42238","res_partner_industry.broadcast_media","res_partner_industry.med","True","","Conduit Productions ","","","96 Longmarket Street","","","http://www.conduit.co.za","","8000"
"studio_760","Berlin","base.de","berlin@congaz.de","","52.53341","2015-05-08","13.42402","res_partner_industry.broadcast_media","res_partner_industry.med","True","","Congaz berlin visual media company ","","","62 Winsstraße","","","http://www.congaz.de","","10405"
"studio_837","Düsseldorf","base.de","duesseldorf@congaz.de","","51.20904","2015-05-08","6.76913","res_partner_industry.broadcast_media","res_partner_industry.med","True","","Congaz düsseldorf visual media company ","","","127 Kronprinzenstraße","","","http://www.congaz.de","","40217"
"studio_1261","Stirling","base.au","info@constructivemedia.com.au","","-31.88756","2015-05-08","115.80942","res_partner_industry.animation,res_partner_industry.broadcast_media,res_partner_industry.design,res_partner_industry.motion_pictures_and_film","res_partner_industry.med","True","","Constructive Media Pty Ltd ","","","45 Cedric Street","","","http://www.constructivemedia.com.au","","6021"
"studio_175","New York","base.us","yfat.neev@copanetwork.com","","40.73003","2015-05-08","-74.00791","res_partner_industry.broadcast_media,res_partner_industry.motion_pictures_and_film","res_partner_industry.med","True","","COPA ","","","609 Greenwich Street","","","http://copanetwork.com/","","10014"
"studio_687","Rio de Janeiro","base.br","copacontato@gmail.com","","-22.90345","2015-05-08","-43.17771","res_partner_industry.broadcast_media","res_partner_industry.med","True","","Copa Studio ","","","9 Travessa do Ouvidor","","","http://www.copastudio.com","","20040-040"
"studio_387","København","base.dk","info@copenhagenbombay.com","","55.68972","2015-05-08","12.61153","res_partner_industry.broadcast_media","res_partner_industry.med","True","","Copenhagen Bombay ","","","147 Refshalevej","","","http://www.copenhagenbombay.com/","","1432"
"studio_796","Phoenix","base.us","info@copperpost.com","","33.45583","2015-05-08","-112.07475","res_partner_industry.broadcast_media","res_partner_industry.med","True","","Copper Post ","","","631 North 1st Avenue","","","http://copperpost.com","","85003"
"studio_1318","İstanbul","base.tr","info@cordobatr.com","","41.02437","2015-05-08","29.0684","res_partner_industry.broadcast_media","res_partner_industry.med","True","","Cordoba Animation Studio ","","","Turistik Çamlıca Caddesi","","","http://www.cordoba.com.tr","","34398"
"studio_1621","Half Moon Bay","base.us","info@corestudio.com","","37.50382","2015-05-08","-122.49036","res_partner_industry.broadcast_media","res_partner_industry.med","True","","Core Studio ","","","249 Princeton Avenue","","","http://corestudio.com","","94019"
"studio_740","Dallas","base.us","","","32.78128","2015-05-08","-96.80882","res_partner_industry.broadcast_media,res_partner_industry.design","res_partner_industry.med","True","","Corgan Medialab ","","","401 North Houston Street","","","http://www.corganmedialab.com/","","75202"
"studio_1729","Paris","base.fr","contact@cosmostudio.fr","","48.8727","2015-05-08","2.34992","res_partner_industry.broadcast_media","res_partner_industry.med","True","","Cosmo Studio ","","","19 Rue d'Hauteville","","","http://www.cosmostudio.fr","","75010"
"studio_70","Los Angeles","base.us","andrew@counterpunchstudios.com","","34.05209","2015-05-08","-118.46986","res_partner_industry.animation,res_partner_industry.broadcast_media,res_partner_industry.computer_games","res_partner_industry.med","True","","CounterPunch Studios ","","","814 South Westgate Avenue","","","http://www.counterpunchstudios.com","","90049"
"studio_196","Santa Ana","base.us","PR@cravegames.com","","33.70292","2015-05-08","-117.84843","res_partner_industry.computer_games","res_partner_industry.med","True","","Crave Games, Inc. ","","","1936 East Deere Avenue","","","http://www.cravegames.com/","","92705"
"studio_351","Vigo","base.es","crazyarts@crazyarts.es","","42.21996","2015-05-08","-8.73308","res_partner_industry.broadcast_media","res_partner_industry.med","True","","Crazy Arts ","","","7 Avenida Fragoso","","","http://www.crazyarts.es","","36210"
"studio_278","Uberaba","base.br","crearesd@gmail.com","","-19.75369","2015-05-08","-47.9634","res_partner_industry.design","res_partner_industry.med","True","","Creare Studio Design ","","","436 Rua Ronan Martins Marquez","","","http://crearestudiodesign.blogspot.com/","","38050-600"
"studio_1330","Gent","base.be","info@creative.be","","51.06158","2015-05-08","3.73223","res_partner_industry.animation,res_partner_industry.broadcast_media,res_partner_industry.motion_pictures_and_film","res_partner_industry.med","True","","Creative Conspiracy ","","","30 Bomastraat","","","http://www.creative.be/","","9000"
"studio_1073","Schwanewede","base.de","info@creature-factory.com","","53.20107","2015-05-08","8.64812","res_partner_industry.computer_games,res_partner_industry.entertainment","res_partner_industry.med","True","","Creature Factory ","","","8B Auf dem Sandberg","","","http://www.creature-factory.com","","28790"
"studio_1222","Guildford","base.uk","mailbag@criteriongames.com","","51.23755","2015-05-08","-0.577","res_partner_industry.computer_games","res_partner_industry.med","True","","Criterion Games ","","","Onslow Street","","","http://www.criteriongames.com","","GU1"
"studio_416","Singapore","base.sg","info@criticatv.com","","1.28024","2015-05-08","103.84155","res_partner_industry.broadcast_media,res_partner_industry.motion_pictures_and_film","res_partner_industry.med","True","","Critica ","","","39 Keong Saik Road","","","http://www.criticatv.com","","089145"
"studio_1007","Milano","base.it","info@cromazoo.com","","45.45769","2015-05-08","9.17637","res_partner_industry.broadcast_media","res_partner_industry.med","True","","CromaZoo Studio ","","","9 Corso Genova","","","http://www.cromazoo.com","","20123"
"studio_1090","Mexico","base.mx","desman@crudeladies.com","","19.426","2015-05-08","-99.16528","res_partner_industry.broadcast_media","res_partner_industry.med","True","","Cru de Ladies ","","","135 Calle Hamburgo","","","http://www.crudeladies.com","","06600"
"studio_1569","Toronto","base.ca","ben@crushinc.com","","43.64336","2015-05-08","-79.39671","res_partner_industry.broadcast_media,res_partner_industry.entertainment","res_partner_industry.med","True","","Crush Inc. ","","","439 Wellington Street West","","","http://www.crushinc.com","","M5V 1E7"
"studio_408","Monterrey","base.mx","info@cryogeniastudio.com","","25.66317","2015-05-08","-100.35748","res_partner_industry.animation,res_partner_industry.broadcast_media,res_partner_industry.computer_games,res_partner_industry.entertainment,res_partner_industry.motion_pictures_and_film","res_partner_industry.med","True","","Cryogenia Studio ","","","507 Avenida Fuentes del Valle","","","http://www.cryogeniastudio.com","","66220"
"studio_1095","Los Gatos","base.us","","","37.25034","2015-05-08","-121.96601","res_partner_industry.computer_games","res_partner_industry.med","True","","Cryptic Studios ","","","980 University Avenue","","","http://crypticstudios.com/","","95032"
"studio_1072","Frankfurt","base.de","","","50.13135","2015-05-08","8.76179","res_partner_industry.computer_games","res_partner_industry.med","True","","Crytek Entertainment GmbH ","","","523 Hanauer Landstraße","","","http://www.crytek.com","","60386"
"studio_996","Paris","base.fr","n.rosanbo@cube-creative.com","","48.8808","2015-05-08","2.29136","res_partner_industry.animation,res_partner_industry.broadcast_media","res_partner_industry.med","True","","Cube Creative Computer Company ","","","11 Rue Torricelli","","","http://www.cube-creative.fr","","75017"
"studio_814","Madrid","base.es","contact@cubica-cg.com","","40.42296","2015-05-08","-3.68489","res_partner_industry.broadcast_media,res_partner_industry.motion_pictures_and_film","res_partner_industry.med","True","","Cubica ","","","6 Calle Gurtubay","","","http://www.cubica-cg.com/","","28001"
"studio_1791","Manchester","base.uk","info@cubicmotion.com","","53.4585","2015-05-08","-2.23624","res_partner_industry.computer_software","res_partner_industry.med","True","","Cubic Motion ","","","Lloyd Street North","","","http://www.cubicmotion.com","","M14 4QB"
"studio_1303","New York","base.us","info@curiouspictures.com","","40.72946","2015-05-08","-73.99215","res_partner_industry.broadcast_media","res_partner_industry.med","True","","Curious Pictures ","","","440 Lafayette Street","","","http://curiouspictures.com","","10003"
"studio_594","Paris","base.fr","dan@cutandcook.com","","48.851","2015-05-08","2.39478","res_partner_industry.broadcast_media","res_partner_industry.med","True","","Cut and Cook Studio ","","","24 Avenue Philippe-Auguste","","","http://www.cutandcook.com","","75011"
"studio_897","Port Melbourne","base.au","info@cuttingedge.com.au","","-37.83441","2015-05-08","144.92366","res_partner_industry.broadcast_media","res_partner_industry.med","True","","Cutting Edge ","","","11 Salmon Street","","","http://www.cuttingedge.com.au","","3207"
"studio_1232","Nanterre","base.fr","jobs@cyanide-studio.com","","48.89784","2015-05-08","2.22115","res_partner_industry.computer_games","res_partner_industry.med","True","","Cyanide ","","","5 Boulevard des Bouvets","","","http://www.cyanide-studio.com","","92000"
"studio_1792","Paris","base.fr","info@cybergroupstudios.com","","48.84871","2015-05-08","2.29471","res_partner_industry.animation,res_partner_industry.broadcast_media","res_partner_industry.med","True","","CYBER GROUP STUDIOS ","","","7 Rue Letellier","","","http://www.cybergroupstudios.com/","","75015"
